,accuracy,accuracy_0,accuracy_1,alpha,count_0,count_1,dropout_rate,false_neg_0,false_neg_1,false_pos_0,false_pos_1,fn_gap,fp_gap,learning_rate,n_h,n_h_adv,num_iters,parity_gap,roc_auc,true_neg_0,true_neg_1,true_pos_0,true_pos_1
0,75.81229654198145,70.12891344383057,87.19793396052388,10,10860,5421,0.5,3243,584,1,110,0.006176862532794702,0.02263810318486027,0.0001,10,4,200,0.02010913156427685,0.3781409245915474,7603,4721,13,6
1,75.652601191573,70.2486187845304,86.47850950009223,10,10860,5421,0.5,3231,566,0,167,0.032999833423562275,0.03456841233699027,0.0001,10,4,200,0.03293132599742554,0.4497306012063562,7604,4664,25,24
