,accuracy,accuracy_0,accuracy_1,alpha,calibration_0,calibration_1,calibration_gap_0,calibration_gap_1,count_0,count_1,dropout_rate,false_neg_0,false_neg_1,false_pos_0,false_pos_1,fn_0,fn_1,fn_gap_0,fn_gap_1,fp_0,fp_1,fp_gap_0,fp_gap_1,learning_rate,n_h,n_h_adv,parity_gap_0,parity_gap_1,roc_auc,total_num_iters,true_neg_0,true_neg_1,true_pos_0,true_pos_1,y_hat_0,y_hat_1
0,0.32209323751612307,0.40064456721915287,0.1647297546578122,10,0.3242951280112347,0.11346682371417353,0.21082830429706118,0.21082830429706118,10860,5421,0.5,254,12,6255,4516,0.07800982800982802,0.020338983050847456,0.05767084495898056,0.05767084495898056,0.8225933719095213,0.9347961084661561,0.11220273655663482,0.11220273655663482,0.0001,10,4,0.08728491919596493,0.08728491919596493,0.561951257302403,200,1349,315,3002,578,0.14760589318600367,0.06032097399003874
1,0.47988452797739695,0.5160220994475138,0.4074893931009039,10,0.33797796500324045,0.13297872340425532,0.20499924159898514,0.20499924159898514,10860,5421,0.5,1170,115,4086,3097,0.3593366093366093,0.19491525423728814,0.16442135509932118,0.16442135509932118,0.5373487638085218,0.6410681018422687,0.10371933803374689,0.10371933803374689,0.0001,10,4,0.09059489340104626,0.09059489340104626,0.56122682462586,200,3518,1734,2086,475,0.4316758747697974,0.34108098136875115
