,accuracy,accuracy_0,accuracy_1,alpha,count_0,count_1,dropout_rate,false_neg_0,false_neg_1,false_pos_0,false_pos_1,fn_gap,fp_gap,learning_rate,n_h,n_h_adv,num_iters,parity_gap,roc_auc,true_neg_0,true_neg_1,true_pos_0,true_pos_1
0,25.29942878201585,31.500920810313076,12.875853163622947,1,10860,5421,0.5,218,28,7221,4695,0.019495689834672883,0.022216705824680605,0.0001,10,4,200,0.025087978915635023,0.3923536346359363,383,136,3038,562
1,34.733738713838214,39.94475138121547,24.294410625345876,1,10860,5421,0.5,790,132,5732,3972,0.018900179069670592,0.06837624054972868,0.0001,10,4,200,0.06231210526691269,0.4690149672733994,1872,859,2466,458
