,accuracy,accuracy_0,accuracy_1,alpha,count_0,count_1,dropout_rate,false_neg_0,false_neg_1,false_pos_0,false_pos_1,fn_gap,fp_gap,learning_rate,n_h,n_h_adv,num_iters,parity_gap,roc_auc,true_neg_0,true_neg_1,true_pos_0,true_pos_1
0,76.3773723972729,70.0184162062615,89.11639918834163,10,10860,5421,0.5,3256,590,0,0,0.0,0.0,0.01,10,4,200,0.0,0.6157320197110256,7604,4831,0,0
1,83.2626988514219,78.96869244935543,91.86496956281128,10,10860,5421,0.5,2030,420,254,21,0.08840003331528756,0.02905654575466115,0.01,10,4,200,0.10104657455506061,0.8792137001121381,7350,4810,1226,170
