,accuracy,accuracy_0,accuracy_1,alpha,calibration_0,calibration_1,calibration_gap_0,calibration_gap_1,count_0,count_1,dropout_rate,false_neg_0,false_neg_1,false_pos_0,false_pos_1,fn_0,fn_1,fn_gap_0,fn_gap_1,fp_0,fp_1,fp_gap_0,fp_gap_1,learning_rate,n_h,n_h_adv,parity_gap_0,parity_gap_1,roc_auc,total_num_iters,true_neg_0,true_neg_1,true_pos_0,true_pos_1,y_hat_0,y_hat_1
0,0.23622627602727106,0.3000920810313076,0.10828260468548238,1,0.2998986828774063,0.10819793205317578,0.1917007508242305,0.1917007508242305,10860,5421,0.5,0,4,7601,4830,0.0,0.006779661016949152,0.006779661016949152,0.006779661016949152,0.9996054708048395,0.9997930035189402,0.00018753271410065775,0.00018753271410065775,0.0001,10,4,0.0006460959579128029,0.0006460959579128029,0.4891913143353237,200,3,1,3256,586,0.00027624309392265195,0.0009223390518354548
1,0.2378846508199742,0.3,0.11344770337576093,1,0.2995017530909762,0.10774097506512839,0.19176077802584782,0.19176077802584782,10860,5421,0.5,10,11,7592,4795,0.003071253071253071,0.01864406779661017,0.0155728147253571,0.0155728147253571,0.9984218832193582,0.9925481266818464,0.005873756537511765,0.005873756537511765,0.0001,10,4,0.006644204398487161,0.006644204398487161,0.5907342099876194,200,12,36,3246,579,0.0020257826887661143,0.008669987087253275
