,accuracy,accuracy_0,accuracy_1,alpha,count_0,count_1,dropout_rate,false_neg_0,false_neg_1,false_pos_0,false_pos_1,fn_gap,fp_gap,learning_rate,n_h,n_h_adv,num_iters,parity_gap,roc_auc,true_neg_0,true_neg_1,true_pos_0,true_pos_1
0,26.705976291382594,32.974217311233886,14.148681055155876,1,10860,5421,0.5,217,38,7062,4616,0.0022394119851747024,0.02677403116445809,0.01,10,4,200,0.023219146739556933,0.5065256337635894,542,215,3039,552
1,83.69879000061421,79.64088397790056,91.82807600073787,1,10860,5421,0.5,1868,400,343,43,0.10425602798484146,0.03620698929443818,0.01,10,4,200,0.11641126537783797,0.8673110679955949,7261,4788,1388,190
