,accuracy,roc_auc,count_0,count_1,accuracy_0,accuracy_1,true_neg_0,false_neg_0,false_pos_0,true_pos_0,true_neg_1,false_neg_1,false_pos_1,true_pos_1,parity_gap,fp_gap,fn_gap
0,82.37823229531355,0.8984386621142368,10860,5421,77.79926335174954,91.55137428518724,7483,2290,121,966,4815,442,16,148,0.06983936013110459,0.012600733841180671,0.045835589055927994
