,accuracy,roc_auc,count_0,count_1,accuracy_0,accuracy_1,true_neg_0,false_neg_0,false_pos_0,true_pos_0,true_neg_1,false_neg_1,false_pos_1,true_pos_1,parity_gap,fp_gap,fn_gap
0,82.77747067133468,0.8890117534737577,10860,5421,78.55432780847146,91.23777900756318,7294,2019,310,1237,4809,453,22,137,0.11311897358441336,0.03621409424992957,0.14771061508349648
0,82.97401879491431,0.8987378674881614,10860,5421,78.53591160220995,91.86496956281128,7450,2177,154,1079,4811,421,20,169,0.07867149544282981,0.016112569063706245,0.0449475284221047
