,accuracy,accuracy_0,accuracy_1,alpha,calibration_neg_0,calibration_neg_1,calibration_neg_gap_0,calibration_neg_gap_1,calibration_pos_0,calibration_pos_1,calibration_pos_gap_0,calibration_pos_gap_1,count_0,count_1,dropout_rate,false_neg_0,false_neg_1,false_pos_0,false_pos_1,fn_0,fn_1,fn_gap_0,fn_gap_1,fp_0,fp_1,fp_gap_0,fp_gap_1,learning_rate,n_h,n_h_adv,parity_gap_0,parity_gap_1,roc_auc,total_num_iters,true_neg_0,true_neg_1,true_pos_0,true_pos_1,y_hat_0,y_hat_1
0,0.8358823168110067,0.7974217311233885,0.9129311935067331,,0.15263644773358,0.15263644773358,0.0,0.0,0.7634649910233393,0.7634649910233393,0.0,0.0,10860,5421,0.5,1717,428,483,44,0.5273341523341524,0.7254237288135593,0.19808957647940695,0.19808957647940695,0.06351920042083115,0.009107845166632168,0.054411355254198976,0.054411355254198976,0.0001,10,,0.1481874763682467,0.1481874763682467,0.8905050098264484,1000,7121,4787,1539,162,0.8138121546961326,0.9619996310643792
0,0.8264848596523555,0.7817679558011049,0.9160671462829736,,0.1793674095822768,0.1793674095822768,0.0,0.0,0.8942084942084942,0.8942084942084942,0.0,0.0,10860,5421,0.5,2248,440,122,15,0.6904176904176904,0.7457627118644068,0.05534502144671638,0.05534502144671638,0.01604418726985797,0.00310494721589733,0.012939240053960641,0.012939240053960641,0.01,10,,0.07361437666696224,0.07361437666696224,0.8980034818602233,1000,7482,4816,1008,150,0.8959484346224678,0.96956281128943
