,evaluation_file,learning_rate,total_num_iters,n_h,n_h_adv,dropout_rate,alpha,accuracy,roc_auc,count_0,y_hat_0,accuracy_0,true_neg_0,false_neg_0,false_pos_0,true_pos_0,fp_0,fn_0,calibration_pos_0,calibration_neg_0,count_1,y_hat_1,accuracy_1,true_neg_1,false_neg_1,false_pos_1,true_pos_1,fp_1,fn_1,calibration_pos_1,calibration_neg_1,parity_gap_0,fp_gap_0,fn_gap_0,calibration_pos_gap_0,calibration_neg_gap_0,parity_gap_1,fp_gap_1,fn_gap_1,calibration_pos_gap_1,calibration_neg_gap_1
0,valid_set,0.001,3000,10,,0.5,,0.8530631045601106,0.903579390002468,4311,0.770586870795639,0.8165158895847832,2789,533,258,731,0.08467344929438793,0.42167721518987344,0.7502191060473269,0.12509307520476545,2202,0.9309718437783833,0.924613987284287,1911,139,27,125,0.01393188854489164,0.5265151515151515,0.7502191060473269,0.12509307520476545,0.16038497298274423,0.0707415607494963,0.10483793632527805,0.0,0.0,0.16038497298274423,0.0707415607494963,0.10483793632527805,0.0,0.0
0,test_set,0.001,3000,10,,0.5,,0.8565812910754868,0.9077072749174544,10860,0.7662983425414365,0.8206261510128914,6989,1333,615,1923,0.08087848500789058,0.4093980343980344,0.7595328065956716,0.12228870605833957,5421,0.9311935067330751,0.9286109573879358,4746,302,85,288,0.017594700890084868,0.511864406779661,0.7595328065956716,0.12228870605833957,0.16489516419163863,0.0632837841178057,0.10246637238162665,0.0,0.0,0.16489516419163863,0.0632837841178057,0.10246637238162665,0.0,0.0
