,accuracy,roc_auc,count_0,count_1,accuracy_0,accuracy_1,true_neg_0,false_neg_0,false_pos_0,true_pos_0,true_neg_1,false_neg_1,false_pos_1,true_pos_1,parity_gap,fp_gap,fn_gap
0,82.90645537743382,0.8994770623153033,10860,5421,78.3609576427256,92.01254381110496,7472,2218,132,1038,4801,403,30,187,0.06770529178017548,0.011149390155264782,0.0018469162536959294
