,learning_rate,num_iters,n_h,n_h_adv,dropout_rate,alpha,accuracy,roc_auc,count_0,count_1,accuracy_0,accuracy_1,true_neg_0,false_neg_0,false_pos_0,true_pos_0,true_neg_1,false_neg_1,false_pos_1,true_pos_1,parity_gap,fp_gap,fn_gap
0,0.01,200,10,4,0.5,1,84.56483017013697,0.9069362139181989,10860,5421,80.56169429097606,92.58439402324295,7304,1811,300,1445,4791,362,40,228,0.11124402645329545,0.031173060273651312,0.0573553908299671
0,0.01,200,10,4,0.5,10,84.40513481972852,0.90692717053274,10860,5421,80.52486187845304,92.17856484043534,7302,1813,302,1443,4802,395,29,195,0.11936061010944743,0.03371304102874964,0.11267334360554704
0,0.0001,200,10,4,0.5,1,71.46366930778208,0.6113588057796537,10860,5421,67.52302025782689,79.35805201992252,6523,2446,1081,810,4133,421,698,169,0.014191638614310498,0.0023215237902765307,0.037669179194603
0,0.0001,200,10,4,0.5,10,76.6783367115042,0.5131942471104554,10860,5421,70.38674033149171,89.28242021767201,7604,3216,0,40,4830,580,1,10,0.0016540953382639945,0.00020699648105982198,0.004664140257360505
