,learning_rate,total_num_iters,n_h,n_h_adv,dropout_rate,alpha,accuracy,roc_auc,count_0,y_hat_0,accuracy_0,true_neg_0,false_neg_0,false_pos_0,true_pos_0,fp_0,fn_0,calibration_0,count_1,y_hat_1,accuracy_1,true_neg_1,false_neg_1,false_pos_1,true_pos_1,fp_1,fn_1,calibration_1,parity_gap_0,fp_gap_0,fn_gap_0,calibration_gap_0,parity_gap_1,fp_gap_1,fn_gap_1,calibration_gap_1
0,0.01,200,10,4,0.5,1,0.8430071862907684,0.9069600299090371,10860,0.8513812154696132,0.8012891344383057,7346,1900,258,1356,0.033929510783798,0.5835380835380836,0.8401486988847584,5421,0.9487179487179487,0.9265818114738978,4788,355,43,235,0.008900848685572345,0.6016949152542372,0.8453237410071942,0.09733673324833547,0.025028662098225657,0.018156831716153676,0.005175042122435802,0.09733673324833547,0.025028662098225657,0.018156831716153676,0.005175042122435802
0,0.01,200,10,4,0.5,10,0.7445488606350962,0.8862465580247658,10860,0.38729281767955803,0.6639042357274402,4080,126,3524,3130,0.46344029458179903,0.0386977886977887,0.4703937481214307,5421,0.9824755580151263,0.9061058845231507,4824,502,7,88,0.001448975367418754,0.8508474576271187,0.9263157894736842,0.5951827403355683,0.46199131921438025,0.8121496689293299,0.4559220413522535,0.5951827403355683,0.46199131921438025,0.8121496689293299,0.4559220413522535
0,0.0001,200,10,4,0.5,1,0.2694551931699527,0.7739033405324955,10860,0.008011049723756906,0.3074585635359116,85,2,7519,3254,0.9888216728037875,0.0006142506142506142,0.3020514248584424,5421,0.08743774211400111,0.1933222652647113,466,8,4365,582,0.903539639826123,0.013559322033898305,0.11764705882352941,0.0794266923902442,0.08528203297766457,0.01294507141964769,0.18440436603491298,0.0794266923902442,0.08528203297766457,0.01294507141964769,0.18440436603491298
0,0.0001,200,10,4,0.5,10,0.7764265094281678,0.6613859045716877,10860,0.921731123388582,0.7322283609576428,7353,2657,251,599,0.03300894266175697,0.816031941031941,0.7047058823529412,5421,0.8937465412285556,0.8649695628112894,4472,373,359,217,0.0743117367004761,0.6322033898305085,0.3767361111111111,0.027984582160026417,0.04130279403871913,0.1838285512014325,0.3279697712418301,0.027984582160026417,0.04130279403871913,0.1838285512014325,0.3279697712418301
