,accuracy,accuracy_0,accuracy_1,alpha,calibration_neg_0,calibration_neg_1,calibration_neg_gap_0,calibration_neg_gap_1,calibration_pos_0,calibration_pos_1,calibration_pos_gap_0,calibration_pos_gap_1,count_0,count_1,dropout_rate,evaluation_file,false_neg_0,false_neg_1,false_pos_0,false_pos_1,fn_0,fn_1,fn_gap_0,fn_gap_1,fp_0,fp_1,fp_gap_0,fp_gap_1,learning_rate,n_h,n_h_adv,parity_gap_0,parity_gap_1,roc_auc,total_num_iters,true_neg_0,true_neg_1,true_pos_0,true_pos_1,y_hat_0,y_hat_1
0,0.8512206356517734,0.8146601716539086,0.9227974568574023,10,0.12198795180722892,0.12198795180722892,0.0,0.0,0.7327227310574521,0.7327227310574521,0.0,0.0,4311,2202,0.5,valid_set,538,110,261,60,0.42563291139240506,0.4166666666666667,0.00896624472573837,0.00896624472573837,0.08565802428618313,0.030959752321981424,0.05469827196420171,0.05469827196420171,0.001,10,10,0.1317648218833135,0.1317648218833135,0.904260490896774,3000,2786,1878,726,154,0.7710508002783577,0.9028156221616712
0,0.8544315459738345,0.8189686924493554,0.9254750046116953,10,0.12033195020746888,0.12033195020746888,0.0,0.0,0.7438863185723728,0.7438863185723728,0.0,0.0,10860,5421,0.5,test_set,1351,244,615,160,0.41492628992628994,0.4135593220338983,0.0013669678923916573,0.0013669678923916573,0.08087848500789058,0.033119436969571515,0.04775904803831906,0.04775904803831906,0.001,10,10,0.13870348684927958,0.13870348684927958,0.9074761824409445,3000,6989,4671,1905,346,0.7679558011049724,0.906659287954252
