,evaluation_file,learning_rate,total_num_iters,n_h,n_h_adv,dropout_rate,alpha,accuracy,roc_auc,count_0,y_hat_0,accuracy_0,true_neg_0,false_neg_0,false_pos_0,true_pos_0,fp_0,fn_0,calibration_pos_0,calibration_neg_0,count_1,y_hat_1,accuracy_1,true_neg_1,false_neg_1,false_pos_1,true_pos_1,fp_1,fn_1,calibration_pos_1,calibration_neg_1,parity_gap_0,fp_gap_0,fn_gap_0,calibration_pos_gap_0,calibration_neg_gap_0,parity_gap_1,fp_gap_1,fn_gap_1,calibration_pos_gap_1,calibration_neg_gap_1
0,valid_set,0.001,2000,10,10,0.5,10,0.8183632734530938,0.9026976741180196,4358,0.9125745754933455,0.7643414410279945,2989,988,39,342,0.012879788639365918,0.7428571428571429,0.8725490196078431,0.18624021322671996,2155,0.9401392111368909,0.9276102088167053,1896,130,26,103,0.013527575442247659,0.5579399141630901,0.8725490196078431,0.18624021322671996,0.027564635643545388,0.0006477868028817411,0.1849172286940528,0.0,0.0,0.027564635643545388,0.0006477868028817411,0.1849172286940528,0.0,0.0
0,test_set,0.001,2000,10,10,0.5,10,0.8212640501197715,0.9000554521577726,10860,0.9147329650092081,0.7686924493554328,7513,2421,91,835,0.011967385586533404,0.7435503685503686,0.8774193548387097,0.18336546772156107,5421,0.9420771075447334,0.9265818114738978,4770,337,61,253,0.01262678534464914,0.5711864406779661,0.8774193548387097,0.18336546772156107,0.027344142535525306,0.0006593997581157366,0.1723639278724025,0.0,0.0,0.027344142535525306,0.0006593997581157366,0.1723639278724025,0.0,0.0
0,valid_set,0.001,2500,10,10,0.5,10,0.8476892369107938,0.9100473060741775,4358,0.8063331803579624,0.810004589261129,2857,657,171,673,0.056472919418758254,0.493984962406015,0.8040468583599574,0.14495873699318262,2155,0.9559164733178654,0.9238979118329467,1909,151,13,82,0.006763787721123829,0.648068669527897,0.8040468583599574,0.14495873699318262,0.14958329295990302,0.049709131697634426,0.15408370712188196,0.0,0.0,0.14958329295990302,0.049709131697634426,0.15408370712188196,0.0,0.0
0,test_set,0.001,2500,10,10,0.5,10,0.847122412628217,0.9060946772410503,10860,0.8110497237569061,0.80902394106814,7169,1639,435,1617,0.05720673329826407,0.5033783783783784,0.7961588825840245,0.14453180843459615,5421,0.9559121933222653,0.9234458586976573,4799,383,32,207,0.006623887393914303,0.6491525423728813,0.7961588825840245,0.14453180843459615,0.1448624695653592,0.05058284590434976,0.14577416399450294,0.0,0.0,0.1448624695653592,0.05058284590434976,0.14577416399450294,0.0,0.0
