,evaluation_file,learning_rate,total_num_iters,n_h,n_h_adv,dropout_rate,alpha,accuracy,roc_auc,count_0,y_hat_0,accuracy_0,true_neg_0,false_neg_0,false_pos_0,true_pos_0,fp_0,fn_0,calibration_pos_0,calibration_neg_0,count_1,y_hat_1,accuracy_1,true_neg_1,false_neg_1,false_pos_1,true_pos_1,fp_1,fn_1,calibration_pos_1,calibration_neg_1,parity_gap_0,fp_gap_0,fn_gap_0,calibration_pos_gap_0,calibration_neg_gap_0,parity_gap_1,fp_gap_1,fn_gap_1,calibration_pos_gap_1,calibration_neg_gap_1
0,valid_set,0.001,200,10,10,0.5,1,0.7888275015346838,0.8486949429037522,1091,0.9010082493125573,0.7387717690192483,723,260,25,83,0.03342245989304813,0.7580174927113703,0.7657657657657657,0.20948616600790515,538,0.9944237918215614,0.8903345724907064,477,58,1,2,0.0020920502092050207,0.9666666666666667,0.7657657657657657,0.20948616600790515,0.09341554250900408,0.03133040968384311,0.20864917395529636,0.0,0.0,0.09341554250900408,0.03133040968384311,0.20864917395529636,0.0,0.0
0,test_set,0.001,200,10,10,0.5,1,0.8411645476322093,0.8991967069113003,10860,0.8035911602209945,0.8034069981583793,7098,1629,506,1627,0.06654392425039453,0.5003071253071253,0.7699228791773779,0.14691331469133148,5421,0.9629219701162147,0.916805017524442,4800,420,31,170,0.006416890912854482,0.711864406779661,0.7699228791773779,0.14691331469133148,0.1593308098952202,0.06012703333754005,0.21155728147253572,0.0,0.0,0.1593308098952202,0.06012703333754005,0.21155728147253572,0.0,0.0
