,learning_rate,total_num_iters,n_h,n_h_adv,dropout_rate,alpha,accuracy,roc_auc,count_0,y_hat_0,accuracy_0,true_neg_0,false_neg_0,false_pos_0,true_pos_0,fp_0,fn_0,calibration_0,count_1,y_hat_1,accuracy_1,true_neg_1,false_neg_1,false_pos_1,true_pos_1,fp_1,fn_1,calibration_1,parity_gap_0,fp_gap_0,fn_gap_0,calibration_gap_0,parity_gap_1,fp_gap_1,fn_gap_1,calibration_gap_1
0,0.01,200,10,4,0.5,1,0.841901603095633,0.9067266478355154,10860,0.8520257826887662,0.801012891344383,7348,1905,256,1351,0.033666491320357705,0.5850737100737101,0.8406969508400747,5421,0.9551743220807969,0.9238147943183914,4798,380,33,210,0.0068308838749741255,0.6440677966101694,0.8641975308641975,0.10314853939203072,0.02683560744538358,0.05899408653645932,0.023500580024122808,0.10314853939203072,0.02683560744538358,0.05899408653645932,0.023500580024122808
0,0.01,200,10,4,0.5,10,0.8435599778883361,0.8670218573921887,10860,0.7998158379373849,0.8114180478821362,7121,1565,483,1691,0.06351920042083115,0.48065110565110564,0.7778288868445262,5421,0.9821066223943922,0.9079505626268216,4828,496,3,94,0.000620989443179466,0.8406779661016949,0.9690721649484536,0.1822907844570073,0.06289821097765168,0.36002686045058924,0.19124327810392738,0.1822907844570073,0.06289821097765168,0.36002686045058924,0.19124327810392738
0,0.0001,200,10,4,0.5,1,0.462870831030035,0.7996152117898147,10860,0.10561694290976059,0.39917127071823205,1113,34,6491,3222,0.8536296685954761,0.010442260442260442,0.33172037475548233,5421,0.53329643977126,0.5904814609850582,2751,140,2080,450,0.43055268060442975,0.23728813559322035,0.17786561264822134,0.42767949686149936,0.4230769879910463,0.2268458751509599,0.15385476210726098,0.42767949686149936,0.4230769879910463,0.2268458751509599,0.15385476210726098
0,0.0001,200,10,4,0.5,10,0.7637737239727289,0.7102477030323675,10860,1.0,0.7001841620626151,7604,3256,0,0,0.0,1.0,,5421,1.0,0.8911639918834163,4831,590,0,0,0.0,1.0,,0.0,0.0,0.0,,0.0,0.0,0.0,
